category	prefix	count_star()
biolink:SequenceVariant	CA10549330	1
biolink:SequenceVariant	CA10549339	1
biolink:SequenceVariant	CA10549367	1
biolink:SequenceVariant	CA10549369	1
biolink:SequenceVariant	CA10602335	1
biolink:SequenceVariant	CA1139532270	1
biolink:SequenceVariant	CA1139532272	1
biolink:SequenceVariant	CA1139532470	1
biolink:SequenceVariant	CA1139532474	1
biolink:SequenceVariant	CA1139532533	1
biolink:SequenceVariant	CA1139532534	1
biolink:SequenceVariant	CA1139532543	1
biolink:SequenceVariant	CA1139532590	1
biolink:SequenceVariant	CA1139532728	1
biolink:SequenceVariant	CA1139533026	1
biolink:SequenceVariant	CA1139533037	1
biolink:SequenceVariant	CA1139533052	1
biolink:SequenceVariant	CA1139655402	1
biolink:SequenceVariant	CA1139655403	1
biolink:SequenceVariant	CA1139655404	1
biolink:SequenceVariant	CA1139768925	1
biolink:SequenceVariant	CA1139770890	1
biolink:SequenceVariant	CA1139770939	1
biolink:SequenceVariant	CA1139771046	1
biolink:SequenceVariant	CA1139771053	1
biolink:SequenceVariant	CA1139771058	1
biolink:SequenceVariant	CA1139771059	1
biolink:SequenceVariant	CA1139771060	1
biolink:SequenceVariant	CA1139771067	1
biolink:SequenceVariant	CA1139771069	1
biolink:SequenceVariant	CA1139771135	1
biolink:SequenceVariant	CA1139771319	1
biolink:SequenceVariant	CA1139771322	1
biolink:SequenceVariant	CA1139771342	1
biolink:SequenceVariant	CA1139771343	1
biolink:SequenceVariant	CA1244017	1
biolink:SequenceVariant	CA1244022	1
biolink:SequenceVariant	CA1244034	1
biolink:SequenceVariant	CA1244037	1
biolink:SequenceVariant	CA1244044	1
biolink:SequenceVariant	CA1244046	1
biolink:SequenceVariant	CA1244048	1
biolink:SequenceVariant	CA1244050	1
biolink:SequenceVariant	CA1244052	1
biolink:SequenceVariant	CA1244053	1
biolink:SequenceVariant	CA1244062	1
biolink:SequenceVariant	CA1244068	1
biolink:SequenceVariant	CA1244069	1
biolink:SequenceVariant	CA1244072	1
biolink:SequenceVariant	CA1244093	1
biolink:SequenceVariant	CA1244099	1
biolink:SequenceVariant	CA1244109	1
biolink:SequenceVariant	CA1244113	1
biolink:SequenceVariant	CA1244115	1
biolink:SequenceVariant	CA1244122	1
biolink:SequenceVariant	CA1244127	1
biolink:SequenceVariant	CA1244128	1
biolink:SequenceVariant	CA1244138	1
biolink:SequenceVariant	CA1244148	1
biolink:SequenceVariant	CA1244149	1
biolink:SequenceVariant	CA1244196	1
biolink:SequenceVariant	CA1244262	1
biolink:SequenceVariant	CA1244266	1
biolink:SequenceVariant	CA1244285	1
biolink:SequenceVariant	CA1244287	1
biolink:SequenceVariant	CA1244294	1
biolink:SequenceVariant	CA1244303	1
biolink:SequenceVariant	CA1244313	1
biolink:SequenceVariant	CA1244332	1
biolink:SequenceVariant	CA1244333	1
biolink:SequenceVariant	CA1244341	1
biolink:SequenceVariant	CA1244346	1
biolink:SequenceVariant	CA1251327	1
biolink:SequenceVariant	CA1310372689	1
biolink:SequenceVariant	CA1563057	1
biolink:SequenceVariant	CA16020714	1
biolink:SequenceVariant	CA16020715	1
biolink:SequenceVariant	CA16020716	1
biolink:SequenceVariant	CA16020717	1
biolink:SequenceVariant	CA16020719	1
biolink:SequenceVariant	CA16020720	1
biolink:SequenceVariant	CA16020721	1
biolink:SequenceVariant	CA16020722	1
biolink:SequenceVariant	CA16020723	1
biolink:SequenceVariant	CA16020725	1
biolink:SequenceVariant	CA16020726	1
biolink:SequenceVariant	CA16020730	1
biolink:SequenceVariant	CA16020735	1
biolink:SequenceVariant	CA16020737	1
biolink:SequenceVariant	CA16020739	1
biolink:SequenceVariant	CA16020742	1
biolink:SequenceVariant	CA16020744	1
biolink:SequenceVariant	CA16020746	1
biolink:SequenceVariant	CA16020747	1
biolink:SequenceVariant	CA16020754	1
biolink:SequenceVariant	CA16020755	1
biolink:SequenceVariant	CA16020757	1
biolink:SequenceVariant	CA16020759	1
biolink:SequenceVariant	CA16020760	1
biolink:SequenceVariant	CA16020761	1
biolink:SequenceVariant	CA16020765	1
biolink:SequenceVariant	CA16020766	1
biolink:SequenceVariant	CA16020767	1
biolink:SequenceVariant	CA16020771	1
biolink:SequenceVariant	CA16020772	1
biolink:SequenceVariant	CA16020780	1
biolink:SequenceVariant	CA16020782	1
biolink:SequenceVariant	CA16020783	1
biolink:SequenceVariant	CA16020786	1
biolink:SequenceVariant	CA16020787	1
biolink:SequenceVariant	CA16020790	1
biolink:SequenceVariant	CA16020793	1
biolink:SequenceVariant	CA16020794	1
biolink:SequenceVariant	CA16020796	1
biolink:SequenceVariant	CA16020799	1
biolink:SequenceVariant	CA16020800	1
biolink:SequenceVariant	CA16020802	1
biolink:SequenceVariant	CA16020803	1
biolink:SequenceVariant	CA16020808	1
biolink:SequenceVariant	CA16020814	1
biolink:SequenceVariant	CA16020815	1
biolink:SequenceVariant	CA16020817	1
biolink:SequenceVariant	CA16020821	1
biolink:SequenceVariant	CA16020822	1
biolink:SequenceVariant	CA16020824	1
biolink:SequenceVariant	CA16020825	1
biolink:SequenceVariant	CA16020827	1
biolink:SequenceVariant	CA16020828	1
biolink:SequenceVariant	CA16020829	1
biolink:SequenceVariant	CA16020831	1
biolink:SequenceVariant	CA16020832	1
biolink:SequenceVariant	CA16020833	1
biolink:SequenceVariant	CA16020834	1
biolink:SequenceVariant	CA16020835	1
biolink:SequenceVariant	CA16020836	1
biolink:SequenceVariant	CA16020837	1
biolink:SequenceVariant	CA16020838	1
biolink:SequenceVariant	CA16020839	1
biolink:SequenceVariant	CA16020841	1
biolink:SequenceVariant	CA16020844	1
biolink:SequenceVariant	CA16020845	1
biolink:SequenceVariant	CA16020846	1
biolink:SequenceVariant	CA16020848	1
biolink:SequenceVariant	CA16020852	1
biolink:SequenceVariant	CA16020853	1
biolink:SequenceVariant	CA16020854	1
biolink:SequenceVariant	CA16020858	1
biolink:SequenceVariant	CA16020859	1
biolink:SequenceVariant	CA16020867	1
biolink:SequenceVariant	CA16020871	1
biolink:SequenceVariant	CA16020872	1
biolink:SequenceVariant	CA16020875	1
biolink:SequenceVariant	CA16020876	1
biolink:SequenceVariant	CA16020877	1
biolink:SequenceVariant	CA16020880	1
biolink:SequenceVariant	CA16020885	1
biolink:SequenceVariant	CA16020886	1
biolink:SequenceVariant	CA16020887	1
biolink:SequenceVariant	CA16020888	1
biolink:SequenceVariant	CA16020889	1
biolink:SequenceVariant	CA16020890	1
biolink:SequenceVariant	CA16020891	1
biolink:SequenceVariant	CA16020894	1
biolink:SequenceVariant	CA16020895	1
biolink:SequenceVariant	CA16020897	1
biolink:SequenceVariant	CA16020898	1
biolink:SequenceVariant	CA16020900	1
biolink:SequenceVariant	CA16020903	1
biolink:SequenceVariant	CA16020906	1
biolink:SequenceVariant	CA16020907	1
biolink:SequenceVariant	CA16020909	1
biolink:SequenceVariant	CA16020910	1
biolink:SequenceVariant	CA16020911	1
biolink:SequenceVariant	CA16020912	1
biolink:SequenceVariant	CA16020914	1
biolink:SequenceVariant	CA16020917	1
biolink:SequenceVariant	CA16020918	1
biolink:SequenceVariant	CA16020919	1
biolink:SequenceVariant	CA16020920	1
biolink:SequenceVariant	CA16020922	1
biolink:SequenceVariant	CA16020923	1
biolink:SequenceVariant	CA16020924	1
biolink:SequenceVariant	CA16020925	1
biolink:SequenceVariant	CA16020927	1
biolink:SequenceVariant	CA16020928	1
biolink:SequenceVariant	CA16020929	1
biolink:SequenceVariant	CA16020930	1
biolink:SequenceVariant	CA16020931	1
biolink:SequenceVariant	CA16020933	1
biolink:SequenceVariant	CA16020934	1
biolink:SequenceVariant	CA16020935	1
biolink:SequenceVariant	CA16020936	1
biolink:SequenceVariant	CA16020940	1
biolink:SequenceVariant	CA16020941	1
biolink:SequenceVariant	CA16020942	1
biolink:SequenceVariant	CA16020943	1
biolink:SequenceVariant	CA16020945	1
biolink:SequenceVariant	CA16020946	1
biolink:SequenceVariant	CA16020948	1
biolink:SequenceVariant	CA16020951	1
biolink:SequenceVariant	CA16020952	1
biolink:SequenceVariant	CA16020953	1
biolink:SequenceVariant	CA16020954	1
biolink:SequenceVariant	CA16020955	1
biolink:SequenceVariant	CA16020958	1
biolink:SequenceVariant	CA16020959	1
biolink:SequenceVariant	CA16020960	1
biolink:SequenceVariant	CA16020961	1
biolink:SequenceVariant	CA16020963	1
biolink:SequenceVariant	CA16020966	1
biolink:SequenceVariant	CA16020967	1
biolink:SequenceVariant	CA16020968	1
biolink:SequenceVariant	CA16020971	1
biolink:SequenceVariant	CA16020973	1
biolink:SequenceVariant	CA16020974	1
biolink:SequenceVariant	CA16020975	1
biolink:SequenceVariant	CA16020976	1
biolink:SequenceVariant	CA16020977	1
biolink:SequenceVariant	CA16020978	1
biolink:SequenceVariant	CA16020979	1
biolink:SequenceVariant	CA16020982	1
biolink:SequenceVariant	CA16020983	1
biolink:SequenceVariant	CA16020988	1
biolink:SequenceVariant	CA16020989	1
biolink:SequenceVariant	CA16020990	1
biolink:SequenceVariant	CA16020991	1
biolink:SequenceVariant	CA16020992	1
biolink:SequenceVariant	CA16020996	1
biolink:SequenceVariant	CA16020997	1
biolink:SequenceVariant	CA16021000	1
biolink:SequenceVariant	CA16021002	1
biolink:SequenceVariant	CA16021003	1
biolink:SequenceVariant	CA16021007	1
biolink:SequenceVariant	CA16616748	1
biolink:SequenceVariant	CA16621927	1
biolink:SequenceVariant	CA1670972946	1
biolink:SequenceVariant	CA1703634895	1
biolink:SequenceVariant	CA2017997725	1
biolink:SequenceVariant	CA2017997767	1
biolink:SequenceVariant	CA2017997770	1
biolink:SequenceVariant	CA2017997773	1
biolink:SequenceVariant	CA2017997774	1
biolink:SequenceVariant	CA2017997775	1
biolink:SequenceVariant	CA2017997776	1
biolink:SequenceVariant	CA2017997777	1
biolink:SequenceVariant	CA2017997779	1
biolink:SequenceVariant	CA2017997780	1
biolink:SequenceVariant	CA2018007653	1
biolink:SequenceVariant	CA2018007672	1
biolink:SequenceVariant	CA2023554331	1
biolink:SequenceVariant	CA2229914895	1
biolink:SequenceVariant	CA2261365225	1
biolink:SequenceVariant	CA244513452	1
biolink:SequenceVariant	CA244520175	1
biolink:SequenceVariant	CA244520729	1
biolink:SequenceVariant	CA244520882	1
biolink:SequenceVariant	CA2466438179	1
biolink:SequenceVariant	CA2480594443	1
biolink:SequenceVariant	CA2496602227	1
biolink:SequenceVariant	CA2497028745	1
biolink:SequenceVariant	CA2497028747	1
biolink:SequenceVariant	CA2497028945	1
biolink:SequenceVariant	CA2497028946	1
biolink:SequenceVariant	CA2497029997	1
biolink:SequenceVariant	CA2497030023	1
biolink:SequenceVariant	CA2497030194	1
biolink:SequenceVariant	CA2499306877	1
biolink:SequenceVariant	CA2499307108	1
biolink:SequenceVariant	CA251545	1
biolink:SequenceVariant	CA2529312623	1
biolink:SequenceVariant	CA2573050986	1
biolink:SequenceVariant	CA2573051031	1
biolink:SequenceVariant	CA2573051032	1
biolink:SequenceVariant	CA2573051033	1
biolink:SequenceVariant	CA2573051034	1
biolink:SequenceVariant	CA2573051035	1
biolink:SequenceVariant	CA2573051036	1
biolink:SequenceVariant	CA2573051037	1
biolink:SequenceVariant	CA2573051038	1
biolink:SequenceVariant	CA2573051039	1
biolink:SequenceVariant	CA2573051040	1
biolink:SequenceVariant	CA2573051041	1
biolink:SequenceVariant	CA2573051042	1
biolink:SequenceVariant	CA2573051043	1
biolink:SequenceVariant	CA2573051044	1
biolink:SequenceVariant	CA2573051045	1
biolink:SequenceVariant	CA2573051046	1
biolink:SequenceVariant	CA2573051047	1
biolink:SequenceVariant	CA2573051050	1
biolink:SequenceVariant	CA2573051052	1
biolink:SequenceVariant	CA2573051124	1
biolink:SequenceVariant	CA2573051300	1
biolink:SequenceVariant	CA2573102976	1
biolink:SequenceVariant	CA2573102977	1
biolink:SequenceVariant	CA2573102978	1
biolink:SequenceVariant	CA2573102979	1
biolink:SequenceVariant	CA2573102980	1
biolink:SequenceVariant	CA2573105963	1
biolink:SequenceVariant	CA2573106063	1
biolink:SequenceVariant	CA2573106064	1
biolink:SequenceVariant	CA2573106065	1
biolink:SequenceVariant	CA2573106066	1
biolink:SequenceVariant	CA2573106102	1
biolink:SequenceVariant	CA2573106197	1
biolink:SequenceVariant	CA2573106198	1
biolink:SequenceVariant	CA2573106200	1
biolink:SequenceVariant	CA2573106208	1
biolink:SequenceVariant	CA2573130154	1
biolink:SequenceVariant	CA2573130348	1
biolink:SequenceVariant	CA2573131753	1
biolink:SequenceVariant	CA2573131754	1
biolink:SequenceVariant	CA2573320295	1
biolink:SequenceVariant	CA2573320359	1
biolink:SequenceVariant	CA2573320431	1
biolink:SequenceVariant	CA2573320470	1
biolink:SequenceVariant	CA2573320718	1
biolink:SequenceVariant	CA2573332224	1
biolink:SequenceVariant	CA2573332225	1
biolink:SequenceVariant	CA2573334474	1
biolink:SequenceVariant	CA2573334479	1
biolink:SequenceVariant	CA2573334965	1
biolink:SequenceVariant	CA2579753928	1
biolink:SequenceVariant	CA2579753976	1
biolink:SequenceVariant	CA2579916736	1
biolink:SequenceVariant	CA2579916788	1
biolink:SequenceVariant	CA2579985607	1
biolink:SequenceVariant	CA2579985999	1
biolink:SequenceVariant	CA2580610925	1
biolink:SequenceVariant	CA2580610955	1
biolink:SequenceVariant	CA2580610964	1
biolink:SequenceVariant	CA2580610965	1
biolink:SequenceVariant	CA2580610966	1
biolink:SequenceVariant	CA2580611076	1
biolink:SequenceVariant	CA2580611120	1
biolink:SequenceVariant	CA2580611121	1
biolink:SequenceVariant	CA2580612100	1
biolink:SequenceVariant	CA2580612101	1
biolink:SequenceVariant	CA2580612102	1
biolink:SequenceVariant	CA2580612107	1
biolink:SequenceVariant	CA2580612109	1
biolink:SequenceVariant	CA2580612112	1
biolink:SequenceVariant	CA2580612120	1
biolink:SequenceVariant	CA2580612187	1
biolink:SequenceVariant	CA2580612188	1
biolink:SequenceVariant	CA2580617569	1
biolink:SequenceVariant	CA2580617739	1
biolink:SequenceVariant	CA2581998917	1
biolink:SequenceVariant	CA2582115078	1
biolink:SequenceVariant	CA2582115911	1
biolink:SequenceVariant	CA2582119824	1
biolink:SequenceVariant	CA2582120572	1
biolink:SequenceVariant	CA2582121175	1
biolink:SequenceVariant	CA2582121298	1
biolink:SequenceVariant	CA2582121421	1
biolink:SequenceVariant	CA2582129988	1
biolink:SequenceVariant	CA2582130583	1
biolink:SequenceVariant	CA2582131064	1
biolink:SequenceVariant	CA2582131482	1
biolink:SequenceVariant	CA2582131592	1
biolink:SequenceVariant	CA2582343066	1
biolink:SequenceVariant	CA2586966741	1
biolink:SequenceVariant	CA2586966742	1
biolink:SequenceVariant	CA2586970245	1
biolink:SequenceVariant	CA2621383482	1
biolink:SequenceVariant	CA2695201729	1
biolink:SequenceVariant	CA2695202143	1
biolink:SequenceVariant	CA2695202151	1
biolink:SequenceVariant	CA2695202184	1
biolink:SequenceVariant	CA2695202957	1
biolink:SequenceVariant	CA2695216034	1
biolink:SequenceVariant	CA2695216038	1
biolink:SequenceVariant	CA2695217482	1
biolink:SequenceVariant	CA2695224281	1
biolink:SequenceVariant	CA2695224294	1
biolink:SequenceVariant	CA2695224312	1
biolink:SequenceVariant	CA2695237858	1
biolink:SequenceVariant	CA2695237935	1
biolink:SequenceVariant	CA269524632	1
biolink:SequenceVariant	CA2740067583	1
biolink:SequenceVariant	CA2740089966	1
biolink:SequenceVariant	CA2740089968	1
biolink:SequenceVariant	CA2740099755	1
biolink:SequenceVariant	CA2759533407	1
biolink:SequenceVariant	CA2759533408	1
biolink:SequenceVariant	CA281951	1
biolink:SequenceVariant	CA2825000789	1
biolink:SequenceVariant	CA2830665544	1
biolink:SequenceVariant	CA2830665545	1
biolink:SequenceVariant	CA2830782976	1
biolink:SequenceVariant	CA2837582288	1
biolink:SequenceVariant	CA2837589098	1
biolink:SequenceVariant	CA2849481719	1
biolink:SequenceVariant	CA287523530	1
biolink:SequenceVariant	CA290947484	1
biolink:SequenceVariant	CA290948990	1
biolink:SequenceVariant	CA290949031	1
biolink:SequenceVariant	CA290949843	1
biolink:SequenceVariant	CA290950094	1
biolink:SequenceVariant	CA290950376	1
biolink:SequenceVariant	CA290954030	1
biolink:SequenceVariant	CA290954352	1
biolink:SequenceVariant	CA290955739	1
biolink:SequenceVariant	CA291224483	1
biolink:SequenceVariant	CA291224635	1
biolink:SequenceVariant	CA291224645	1
biolink:SequenceVariant	CA291224655	1
biolink:SequenceVariant	CA291224887	1
biolink:SequenceVariant	CA291224896	1
biolink:SequenceVariant	CA291225782	1
biolink:SequenceVariant	CA291227621	1
biolink:SequenceVariant	CA294887189	1
biolink:SequenceVariant	CA294896907	1
biolink:SequenceVariant	CA315411422	1
biolink:SequenceVariant	CA32685503	1
biolink:SequenceVariant	CA32685671	1
biolink:SequenceVariant	CA32685841	1
biolink:SequenceVariant	CA32686006	1
biolink:SequenceVariant	CA32686049	1
biolink:SequenceVariant	CA32686185	1
biolink:SequenceVariant	CA337220546	1
biolink:SequenceVariant	CA340741708	1
biolink:SequenceVariant	CA340742683	1
biolink:SequenceVariant	CA340744560	1
biolink:SequenceVariant	CA340744926	1
biolink:SequenceVariant	CA340745588	1
biolink:SequenceVariant	CA340747756	1
biolink:SequenceVariant	CA340750220	1
biolink:SequenceVariant	CA340750344	1
biolink:SequenceVariant	CA343717998	1
biolink:SequenceVariant	CA343718023	1
biolink:SequenceVariant	CA343718087	1
biolink:SequenceVariant	CA343718468	1
biolink:SequenceVariant	CA343718550	1
biolink:SequenceVariant	CA343719128	1
biolink:SequenceVariant	CA343719449	1
biolink:SequenceVariant	CA343719476	1
biolink:SequenceVariant	CA343719729	1
biolink:SequenceVariant	CA343719989	1
biolink:SequenceVariant	CA343720077	1
biolink:SequenceVariant	CA343720151	1
biolink:SequenceVariant	CA343720163	1
biolink:SequenceVariant	CA343720209	1
biolink:SequenceVariant	CA343720226	1
biolink:SequenceVariant	CA343722726	1
biolink:SequenceVariant	CA343722794	1
biolink:SequenceVariant	CA343722837	1
biolink:SequenceVariant	CA343722844	1
biolink:SequenceVariant	CA343722865	1
biolink:SequenceVariant	CA343722900	1
biolink:SequenceVariant	CA343722912	1
biolink:SequenceVariant	CA343723002	1
biolink:SequenceVariant	CA343723062	1
biolink:SequenceVariant	CA343723116	1
biolink:SequenceVariant	CA343723135	1
biolink:SequenceVariant	CA343723138	1
biolink:SequenceVariant	CA343723150	1
biolink:SequenceVariant	CA343723197	1
biolink:SequenceVariant	CA343723421	1
biolink:SequenceVariant	CA343723526	1
biolink:SequenceVariant	CA343723562	1
biolink:SequenceVariant	CA343723635	1
biolink:SequenceVariant	CA343723639	1
biolink:SequenceVariant	CA343723649	1
biolink:SequenceVariant	CA343723671	1
biolink:SequenceVariant	CA343723686	1
biolink:SequenceVariant	CA343723835	1
biolink:SequenceVariant	CA343723939	1
biolink:SequenceVariant	CA343724007	1
biolink:SequenceVariant	CA343724072	1
biolink:SequenceVariant	CA343724078	1
biolink:SequenceVariant	CA343724106	1
biolink:SequenceVariant	CA343724143	1
biolink:SequenceVariant	CA343724203	1
biolink:SequenceVariant	CA343724341	1
biolink:SequenceVariant	CA343724410	1
biolink:SequenceVariant	CA343724521	1
biolink:SequenceVariant	CA343724527	1
biolink:SequenceVariant	CA343724581	1
biolink:SequenceVariant	CA343724596	1
biolink:SequenceVariant	CA343724604	1
biolink:SequenceVariant	CA343724606	1
biolink:SequenceVariant	CA343724639	1
biolink:SequenceVariant	CA343724686	1
biolink:SequenceVariant	CA343724698	1
biolink:SequenceVariant	CA343724711	1
biolink:SequenceVariant	CA343724789	1
biolink:SequenceVariant	CA343724974	1
biolink:SequenceVariant	CA343724987	1
biolink:SequenceVariant	CA343725024	1
biolink:SequenceVariant	CA343725043	1
biolink:SequenceVariant	CA343725112	1
biolink:SequenceVariant	CA343725124	1
biolink:SequenceVariant	CA343725131	1
biolink:SequenceVariant	CA343725177	1
biolink:SequenceVariant	CA343725270	1
biolink:SequenceVariant	CA343725655	1
biolink:SequenceVariant	CA343725757	1
biolink:SequenceVariant	CA343725776	1
biolink:SequenceVariant	CA343725980	1
biolink:SequenceVariant	CA343726016	1
biolink:SequenceVariant	CA343726232	1
biolink:SequenceVariant	CA343726243	1
biolink:SequenceVariant	CA343726248	1
biolink:SequenceVariant	CA343726256	1
biolink:SequenceVariant	CA343726305	1
biolink:SequenceVariant	CA343726308	1
biolink:SequenceVariant	CA343726916	1
biolink:SequenceVariant	CA343726928	1
biolink:SequenceVariant	CA343726991	1
biolink:SequenceVariant	CA343727064	1
biolink:SequenceVariant	CA343727103	1
biolink:SequenceVariant	CA343727113	1
biolink:SequenceVariant	CA343772379	1
biolink:SequenceVariant	CA343772388	1
biolink:SequenceVariant	CA343772391	1
biolink:SequenceVariant	CA343774510	1
biolink:SequenceVariant	CA343774795	1
biolink:SequenceVariant	CA343777244	1
biolink:SequenceVariant	CA345144077	1
biolink:SequenceVariant	CA346124255	1
biolink:SequenceVariant	CA346365197	1
biolink:SequenceVariant	CA346367589	1
biolink:SequenceVariant	CA347215735	1
biolink:SequenceVariant	CA367358349	1
biolink:SequenceVariant	CA367396714	1
biolink:SequenceVariant	CA367396716	1
biolink:SequenceVariant	CA367396721	1
biolink:SequenceVariant	CA367396861	1
biolink:SequenceVariant	CA367396876	1
biolink:SequenceVariant	CA367396925	1
biolink:SequenceVariant	CA367396980	1
biolink:SequenceVariant	CA367397019	1
biolink:SequenceVariant	CA367397036	1
biolink:SequenceVariant	CA367397060	1
biolink:SequenceVariant	CA367397094	1
biolink:SequenceVariant	CA367397114	1
biolink:SequenceVariant	CA367397285	1
biolink:SequenceVariant	CA367397309	1
biolink:SequenceVariant	CA367397313	1
biolink:SequenceVariant	CA367397324	1
biolink:SequenceVariant	CA367397326	1
biolink:SequenceVariant	CA367397333	1
biolink:SequenceVariant	CA367398252	1
biolink:SequenceVariant	CA367398282	1
biolink:SequenceVariant	CA367398289	1
biolink:SequenceVariant	CA367398311	1
biolink:SequenceVariant	CA367398536	1
biolink:SequenceVariant	CA367398584	1
biolink:SequenceVariant	CA367398617	1
biolink:SequenceVariant	CA367398628	1
biolink:SequenceVariant	CA367398657	1
biolink:SequenceVariant	CA367398660	1
biolink:SequenceVariant	CA367398695	1
biolink:SequenceVariant	CA367398699	1
biolink:SequenceVariant	CA367398735	1
biolink:SequenceVariant	CA367398738	1
biolink:SequenceVariant	CA367398753	1
biolink:SequenceVariant	CA367398764	1
biolink:SequenceVariant	CA367398804	1
biolink:SequenceVariant	CA367398808	1
biolink:SequenceVariant	CA367398869	1
biolink:SequenceVariant	CA367398935	1
biolink:SequenceVariant	CA367398947	1
biolink:SequenceVariant	CA367399038	1
biolink:SequenceVariant	CA367399044	1
biolink:SequenceVariant	CA367399062	1
biolink:SequenceVariant	CA367399678	1
biolink:SequenceVariant	CA367399681	1
biolink:SequenceVariant	CA367399714	1
biolink:SequenceVariant	CA367399833	1
biolink:SequenceVariant	CA367400134	1
biolink:SequenceVariant	CA367400138	1
biolink:SequenceVariant	CA367400147	1
biolink:SequenceVariant	CA367400483	1
biolink:SequenceVariant	CA367400485	1
biolink:SequenceVariant	CA367400486	1
biolink:SequenceVariant	CA367400488	1
biolink:SequenceVariant	CA367400539	1
biolink:SequenceVariant	CA367400540	1
biolink:SequenceVariant	CA367400569	1
biolink:SequenceVariant	CA367400582	1
biolink:SequenceVariant	CA367400637	1
biolink:SequenceVariant	CA367400776	1
biolink:SequenceVariant	CA367400787	1
biolink:SequenceVariant	CA367400788	1
biolink:SequenceVariant	CA367401125	1
biolink:SequenceVariant	CA367401193	1
biolink:SequenceVariant	CA367401222	1
biolink:SequenceVariant	CA367401223	1
biolink:SequenceVariant	CA367401225	1
biolink:SequenceVariant	CA367401296	1
biolink:SequenceVariant	CA367401305	1
biolink:SequenceVariant	CA367401320	1
biolink:SequenceVariant	CA367401327	1
biolink:SequenceVariant	CA367401329	1
biolink:SequenceVariant	CA367401330	1
biolink:SequenceVariant	CA367401332	1
biolink:SequenceVariant	CA367401376	1
biolink:SequenceVariant	CA367401545	1
biolink:SequenceVariant	CA367401570	1
biolink:SequenceVariant	CA367401572	1
biolink:SequenceVariant	CA367401656	1
biolink:SequenceVariant	CA367401662	1
biolink:SequenceVariant	CA367401686	1
biolink:SequenceVariant	CA367401688	1
biolink:SequenceVariant	CA367401747	1
biolink:SequenceVariant	CA367401753	1
biolink:SequenceVariant	CA367401755	1
biolink:SequenceVariant	CA367401894	1
biolink:SequenceVariant	CA367401896	1
biolink:SequenceVariant	CA367401907	1
biolink:SequenceVariant	CA367401928	1
biolink:SequenceVariant	CA367401942	1
biolink:SequenceVariant	CA367401964	1
biolink:SequenceVariant	CA367401977	1
biolink:SequenceVariant	CA367402001	1
biolink:SequenceVariant	CA367402020	1
biolink:SequenceVariant	CA367402147	1
biolink:SequenceVariant	CA367402227	1
biolink:SequenceVariant	CA367402230	1
biolink:SequenceVariant	CA367402542	1
biolink:SequenceVariant	CA367402543	1
biolink:SequenceVariant	CA367402547	1
biolink:SequenceVariant	CA367402580	1
biolink:SequenceVariant	CA367402681	1
biolink:SequenceVariant	CA367402683	1
biolink:SequenceVariant	CA367402684	1
biolink:SequenceVariant	CA367403035	1
biolink:SequenceVariant	CA367403041	1
biolink:SequenceVariant	CA367403045	1
biolink:SequenceVariant	CA367403047	1
biolink:SequenceVariant	CA367403522	1
biolink:SequenceVariant	CA367403541	1
biolink:SequenceVariant	CA367403544	1
biolink:SequenceVariant	CA367403546	1
biolink:SequenceVariant	CA367403551	1
biolink:SequenceVariant	CA367403876	1
biolink:SequenceVariant	CA367403885	1
biolink:SequenceVariant	CA377781872	1
biolink:SequenceVariant	CA378386067	1
biolink:SequenceVariant	CA378924686	1
biolink:SequenceVariant	CA382533339	1
biolink:SequenceVariant	CA382556814	1
biolink:SequenceVariant	CA383495656	1
biolink:SequenceVariant	CA383496428	1
biolink:SequenceVariant	CA383503778	1
biolink:SequenceVariant	CA383506026	1
biolink:SequenceVariant	CA383520062	1
biolink:SequenceVariant	CA386294521	1
biolink:SequenceVariant	CA386295265	1
biolink:SequenceVariant	CA386295865	1
biolink:SequenceVariant	CA386296582	1
biolink:SequenceVariant	CA386296833	1
biolink:SequenceVariant	CA386296891	1
biolink:SequenceVariant	CA386297078	1
biolink:SequenceVariant	CA386299637	1
biolink:SequenceVariant	CA386299729	1
biolink:SequenceVariant	CA386299735	1
biolink:SequenceVariant	CA386304006	1
biolink:SequenceVariant	CA386304171	1
biolink:SequenceVariant	CA386304179	1
biolink:SequenceVariant	CA386304277	1
biolink:SequenceVariant	CA386492906	1
biolink:SequenceVariant	CA386493311	1
biolink:SequenceVariant	CA386493436	1
biolink:SequenceVariant	CA386493446	1
biolink:SequenceVariant	CA386493486	1
biolink:SequenceVariant	CA386940950	1
biolink:SequenceVariant	CA386941079	1
biolink:SequenceVariant	CA386941084	1
biolink:SequenceVariant	CA386941334	1
biolink:SequenceVariant	CA386952304	1
biolink:SequenceVariant	CA386952326	1
biolink:SequenceVariant	CA386952398	1
biolink:SequenceVariant	CA386952410	1
biolink:SequenceVariant	CA386952411	1
biolink:SequenceVariant	CA386952412	1
biolink:SequenceVariant	CA386952415	1
biolink:SequenceVariant	CA386952464	1
biolink:SequenceVariant	CA386952489	1
biolink:SequenceVariant	CA386952499	1
biolink:SequenceVariant	CA386952505	1
biolink:SequenceVariant	CA386952516	1
biolink:SequenceVariant	CA386952573	1
biolink:SequenceVariant	CA386952580	1
biolink:SequenceVariant	CA386952583	1
biolink:SequenceVariant	CA386952675	1
biolink:SequenceVariant	CA386952705	1
biolink:SequenceVariant	CA386952722	1
biolink:SequenceVariant	CA386952724	1
biolink:SequenceVariant	CA386952811	1
biolink:SequenceVariant	CA386952842	1
biolink:SequenceVariant	CA386953008	1
biolink:SequenceVariant	CA386953128	1
biolink:SequenceVariant	CA386953149	1
biolink:SequenceVariant	CA386953604	1
biolink:SequenceVariant	CA386953772	1
biolink:SequenceVariant	CA386953852	1
biolink:SequenceVariant	CA386953857	1
biolink:SequenceVariant	CA386954172	1
biolink:SequenceVariant	CA386954869	1
biolink:SequenceVariant	CA386954870	1
biolink:SequenceVariant	CA386954873	1
biolink:SequenceVariant	CA386954880	1
biolink:SequenceVariant	CA386954942	1
biolink:SequenceVariant	CA386954965	1
biolink:SequenceVariant	CA386954977	1
biolink:SequenceVariant	CA386958679	1
biolink:SequenceVariant	CA386958691	1
biolink:SequenceVariant	CA386958695	1
biolink:SequenceVariant	CA386958785	1
biolink:SequenceVariant	CA386958847	1
biolink:SequenceVariant	CA386958912	1
biolink:SequenceVariant	CA386959080	1
biolink:SequenceVariant	CA386959120	1
biolink:SequenceVariant	CA386959402	1
biolink:SequenceVariant	CA386959427	1
biolink:SequenceVariant	CA386959458	1
biolink:SequenceVariant	CA386959470	1
biolink:SequenceVariant	CA386959497	1
biolink:SequenceVariant	CA386959501	1
biolink:SequenceVariant	CA386959510	1
biolink:SequenceVariant	CA386959579	1
biolink:SequenceVariant	CA386959674	1
biolink:SequenceVariant	CA386959690	1
biolink:SequenceVariant	CA386959765	1
biolink:SequenceVariant	CA386959897	1
biolink:SequenceVariant	CA386959900	1
biolink:SequenceVariant	CA386959939	1
biolink:SequenceVariant	CA386959975	1
biolink:SequenceVariant	CA386960129	1
biolink:SequenceVariant	CA386960147	1
biolink:SequenceVariant	CA386960156	1
biolink:SequenceVariant	CA386960233	1
biolink:SequenceVariant	CA386960365	1
biolink:SequenceVariant	CA386960405	1
biolink:SequenceVariant	CA386960416	1
biolink:SequenceVariant	CA386960575	1
biolink:SequenceVariant	CA386960641	1
biolink:SequenceVariant	CA386960737	1
biolink:SequenceVariant	CA386964227	1
biolink:SequenceVariant	CA386964305	1
biolink:SequenceVariant	CA386964398	1
biolink:SequenceVariant	CA386964418	1
biolink:SequenceVariant	CA386964629	1
biolink:SequenceVariant	CA386964662	1
biolink:SequenceVariant	CA386964742	1
biolink:SequenceVariant	CA386964769	1
biolink:SequenceVariant	CA386964799	1
biolink:SequenceVariant	CA386965032	1
biolink:SequenceVariant	CA386965156	1
biolink:SequenceVariant	CA386965163	1
biolink:SequenceVariant	CA386965177	1
biolink:SequenceVariant	CA386965264	1
biolink:SequenceVariant	CA386965309	1
biolink:SequenceVariant	CA386965322	1
biolink:SequenceVariant	CA386965420	1
biolink:SequenceVariant	CA386965434	1
biolink:SequenceVariant	CA386965448	1
biolink:SequenceVariant	CA386965461	1
biolink:SequenceVariant	CA386965487	1
biolink:SequenceVariant	CA386965729	1
biolink:SequenceVariant	CA386965770	1
biolink:SequenceVariant	CA386965775	1
biolink:SequenceVariant	CA386965780	1
biolink:SequenceVariant	CA386965798	1
biolink:SequenceVariant	CA386965806	1
biolink:SequenceVariant	CA386965838	1
biolink:SequenceVariant	CA386965841	1
biolink:SequenceVariant	CA386965858	1
biolink:SequenceVariant	CA386965866	1
biolink:SequenceVariant	CA386965901	1
biolink:SequenceVariant	CA386965978	1
biolink:SequenceVariant	CA386965984	1
biolink:SequenceVariant	CA386966026	1
biolink:SequenceVariant	CA386966029	1
biolink:SequenceVariant	CA386966081	1
biolink:SequenceVariant	CA386966083	1
biolink:SequenceVariant	CA386966092	1
biolink:SequenceVariant	CA386966158	1
biolink:SequenceVariant	CA386966185	1
biolink:SequenceVariant	CA386966233	1
biolink:SequenceVariant	CA386966297	1
biolink:SequenceVariant	CA386966305	1
biolink:SequenceVariant	CA386966358	1
biolink:SequenceVariant	CA386967815	1
biolink:SequenceVariant	CA386967824	1
biolink:SequenceVariant	CA386969822	1
biolink:SequenceVariant	CA386969829	1
biolink:SequenceVariant	CA386969831	1
biolink:SequenceVariant	CA386970356	1
biolink:SequenceVariant	CA386970411	1
biolink:SequenceVariant	CA386970422	1
biolink:SequenceVariant	CA386971548	1
biolink:SequenceVariant	CA386971639	1
biolink:SequenceVariant	CA386972011	1
biolink:SequenceVariant	CA386972260	1
biolink:SequenceVariant	CA386972269	1
biolink:SequenceVariant	CA386972734	1
biolink:SequenceVariant	CA386972790	1
biolink:SequenceVariant	CA386973446	1
biolink:SequenceVariant	CA386973449	1
biolink:SequenceVariant	CA390867526	1
biolink:SequenceVariant	CA392254706	1
biolink:SequenceVariant	CA392260686	1
biolink:SequenceVariant	CA392317923	1
biolink:SequenceVariant	CA392325153	1
biolink:SequenceVariant	CA392325892	1
biolink:SequenceVariant	CA395121845	1
biolink:SequenceVariant	CA397722455	1
biolink:SequenceVariant	CA397722480	1
biolink:SequenceVariant	CA397722888	1
biolink:SequenceVariant	CA397723028	1
biolink:SequenceVariant	CA397723375	1
biolink:SequenceVariant	CA397723872	1
biolink:SequenceVariant	CA397723954	1
biolink:SequenceVariant	CA397724300	1
biolink:SequenceVariant	CA397725976	1
biolink:SequenceVariant	CA397726273	1
biolink:SequenceVariant	CA397726277	1
biolink:SequenceVariant	CA397832787	1
biolink:SequenceVariant	CA397849034	1
biolink:SequenceVariant	CA397954276	1
biolink:SequenceVariant	CA397954516	1
biolink:SequenceVariant	CA398323709	1
biolink:SequenceVariant	CA399787972	1
biolink:SequenceVariant	CA399789759	1
biolink:SequenceVariant	CA399790170	1
biolink:SequenceVariant	CA399790399	1
biolink:SequenceVariant	CA399790478	1
biolink:SequenceVariant	CA399791378	1
biolink:SequenceVariant	CA399791611	1
biolink:SequenceVariant	CA399792054	1
biolink:SequenceVariant	CA399792888	1
biolink:SequenceVariant	CA399794330	1
biolink:SequenceVariant	CA399794666	1
biolink:SequenceVariant	CA399795582	1
biolink:SequenceVariant	CA399795907	1
biolink:SequenceVariant	CA399796017	1
biolink:SequenceVariant	CA399798192	1
biolink:SequenceVariant	CA399798321	1
biolink:SequenceVariant	CA399799004	1
biolink:SequenceVariant	CA399801004	1
biolink:SequenceVariant	CA399801096	1
biolink:SequenceVariant	CA399801154	1
biolink:SequenceVariant	CA399801310	1
biolink:SequenceVariant	CA399802112	1
biolink:SequenceVariant	CA399802364	1
biolink:SequenceVariant	CA399802403	1
biolink:SequenceVariant	CA399802411	1
biolink:SequenceVariant	CA399802424	1
biolink:SequenceVariant	CA399802454	1
biolink:SequenceVariant	CA399802478	1
biolink:SequenceVariant	CA399802559	1
biolink:SequenceVariant	CA399803370	1
biolink:SequenceVariant	CA399803382	1
biolink:SequenceVariant	CA399803746	1
biolink:SequenceVariant	CA399803781	1
biolink:SequenceVariant	CA399804316	1
biolink:SequenceVariant	CA399804480	1
biolink:SequenceVariant	CA399804619	1
biolink:SequenceVariant	CA399804710	1
biolink:SequenceVariant	CA399804774	1
biolink:SequenceVariant	CA399804780	1
biolink:SequenceVariant	CA399804787	1
biolink:SequenceVariant	CA399805008	1
biolink:SequenceVariant	CA399805155	1
biolink:SequenceVariant	CA399805421	1
biolink:SequenceVariant	CA399805465	1
biolink:SequenceVariant	CA399805552	1
biolink:SequenceVariant	CA399805557	1
biolink:SequenceVariant	CA399805570	1
biolink:SequenceVariant	CA399805578	1
biolink:SequenceVariant	CA399805605	1
biolink:SequenceVariant	CA399805683	1
biolink:SequenceVariant	CA399805691	1
biolink:SequenceVariant	CA399805793	1
biolink:SequenceVariant	CA399805805	1
biolink:SequenceVariant	CA399805884	1
biolink:SequenceVariant	CA399805912	1
biolink:SequenceVariant	CA399805999	1
biolink:SequenceVariant	CA399806022	1
biolink:SequenceVariant	CA399806084	1
biolink:SequenceVariant	CA399806223	1
biolink:SequenceVariant	CA399806384	1
biolink:SequenceVariant	CA399806497	1
biolink:SequenceVariant	CA399806749	1
biolink:SequenceVariant	CA399806951	1
biolink:SequenceVariant	CA399807023	1
biolink:SequenceVariant	CA399807046	1
biolink:SequenceVariant	CA400020703	1
biolink:SequenceVariant	CA400021329	1
biolink:SequenceVariant	CA400021704	1
biolink:SequenceVariant	CA400021843	1
biolink:SequenceVariant	CA400021913	1
biolink:SequenceVariant	CA400021997	1
biolink:SequenceVariant	CA400022111	1
biolink:SequenceVariant	CA400023428	1
biolink:SequenceVariant	CA400023596	1
biolink:SequenceVariant	CA400023604	1
biolink:SequenceVariant	CA400023704	1
biolink:SequenceVariant	CA400024376	1
biolink:SequenceVariant	CA400024958	1
biolink:SequenceVariant	CA400025022	1
biolink:SequenceVariant	CA400025098	1
biolink:SequenceVariant	CA400025209	1
biolink:SequenceVariant	CA400025655	1
biolink:SequenceVariant	CA400028186	1
biolink:SequenceVariant	CA400028386	1
biolink:SequenceVariant	CA400028389	1
biolink:SequenceVariant	CA400028478	1
biolink:SequenceVariant	CA400028591	1
biolink:SequenceVariant	CA400028645	1
biolink:SequenceVariant	CA400029054	1
biolink:SequenceVariant	CA400029121	1
biolink:SequenceVariant	CA400029324	1
biolink:SequenceVariant	CA400029341	1
biolink:SequenceVariant	CA400029436	1
biolink:SequenceVariant	CA400029525	1
biolink:SequenceVariant	CA400029664	1
biolink:SequenceVariant	CA400029961	1
biolink:SequenceVariant	CA400030171	1
biolink:SequenceVariant	CA400031666	1
biolink:SequenceVariant	CA400031679	1
biolink:SequenceVariant	CA400031690	1
biolink:SequenceVariant	CA400032429	1
biolink:SequenceVariant	CA400032481	1
biolink:SequenceVariant	CA400032596	1
biolink:SequenceVariant	CA400032606	1
biolink:SequenceVariant	CA400032726	1
biolink:SequenceVariant	CA400032825	1
biolink:SequenceVariant	CA400032927	1
biolink:SequenceVariant	CA400032983	1
biolink:SequenceVariant	CA400033003	1
biolink:SequenceVariant	CA400033055	1
biolink:SequenceVariant	CA400033092	1
biolink:SequenceVariant	CA400033218	1
biolink:SequenceVariant	CA400034189	1
biolink:SequenceVariant	CA400034479	1
biolink:SequenceVariant	CA400034691	1
biolink:SequenceVariant	CA400034866	1
biolink:SequenceVariant	CA401325305	1
biolink:SequenceVariant	CA401360532	1
biolink:SequenceVariant	CA401361056	1
biolink:SequenceVariant	CA401363371	1
biolink:SequenceVariant	CA401363493	1
biolink:SequenceVariant	CA401363854	1
biolink:SequenceVariant	CA401364293	1
biolink:SequenceVariant	CA401366477	1
biolink:SequenceVariant	CA401366522	1
biolink:SequenceVariant	CA401368920	1
biolink:SequenceVariant	CA402990982	1
biolink:SequenceVariant	CA402991093	1
biolink:SequenceVariant	CA402994004	1
biolink:SequenceVariant	CA402995088	1
biolink:SequenceVariant	CA402995388	1
biolink:SequenceVariant	CA402995480	1
biolink:SequenceVariant	CA402996840	1
biolink:SequenceVariant	CA402996857	1
biolink:SequenceVariant	CA402997017	1
biolink:SequenceVariant	CA402997207	1
biolink:SequenceVariant	CA402998003	1
biolink:SequenceVariant	CA402998035	1
biolink:SequenceVariant	CA402998134	1
biolink:SequenceVariant	CA405685492	1
biolink:SequenceVariant	CA409103677	1
biolink:SequenceVariant	CA409103809	1
biolink:SequenceVariant	CA409103960	1
biolink:SequenceVariant	CA409103971	1
biolink:SequenceVariant	CA409103994	1
biolink:SequenceVariant	CA409104130	1
biolink:SequenceVariant	CA409104248	1
biolink:SequenceVariant	CA409104278	1
biolink:SequenceVariant	CA409104280	1
biolink:SequenceVariant	CA409104356	1
biolink:SequenceVariant	CA409104369	1
biolink:SequenceVariant	CA409104377	1
biolink:SequenceVariant	CA409104394	1
biolink:SequenceVariant	CA409105356	1
biolink:SequenceVariant	CA409105364	1
biolink:SequenceVariant	CA409105413	1
biolink:SequenceVariant	CA409105438	1
biolink:SequenceVariant	CA409105441	1
biolink:SequenceVariant	CA409105868	1
biolink:SequenceVariant	CA409106019	1
biolink:SequenceVariant	CA409106055	1
biolink:SequenceVariant	CA409106085	1
biolink:SequenceVariant	CA409106099	1
biolink:SequenceVariant	CA409106102	1
biolink:SequenceVariant	CA409106116	1
biolink:SequenceVariant	CA409106119	1
biolink:SequenceVariant	CA409106173	1
biolink:SequenceVariant	CA409106207	1
biolink:SequenceVariant	CA409106289	1
biolink:SequenceVariant	CA409106718	1
biolink:SequenceVariant	CA409106789	1
biolink:SequenceVariant	CA409106859	1
biolink:SequenceVariant	CA409106952	1
biolink:SequenceVariant	CA409106957	1
biolink:SequenceVariant	CA409106961	1
biolink:SequenceVariant	CA409107443	1
biolink:SequenceVariant	CA409107446	1
biolink:SequenceVariant	CA409107449	1
biolink:SequenceVariant	CA409108073	1
biolink:SequenceVariant	CA409108074	1
biolink:SequenceVariant	CA409108146	1
biolink:SequenceVariant	CA409108257	1
biolink:SequenceVariant	CA409108291	1
biolink:SequenceVariant	CA409108330	1
biolink:SequenceVariant	CA409108333	1
biolink:SequenceVariant	CA409108445	1
biolink:SequenceVariant	CA409108532	1
biolink:SequenceVariant	CA409108558	1
biolink:SequenceVariant	CA409108715	1
biolink:SequenceVariant	CA409108770	1
biolink:SequenceVariant	CA409109837	1
biolink:SequenceVariant	CA409109839	1
biolink:SequenceVariant	CA409110117	1
biolink:SequenceVariant	CA409110369	1
biolink:SequenceVariant	CA409110424	1
biolink:SequenceVariant	CA409110425	1
biolink:SequenceVariant	CA409110466	1
biolink:SequenceVariant	CA410146486	1
biolink:SequenceVariant	CA410147693	1
biolink:SequenceVariant	CA410147963	1
biolink:SequenceVariant	CA410148059	1
biolink:SequenceVariant	CA410148836	1
biolink:SequenceVariant	CA410202469	1
biolink:SequenceVariant	CA410202475	1
biolink:SequenceVariant	CA410202496	1
biolink:SequenceVariant	CA410202503	1
biolink:SequenceVariant	CA410202527	1
biolink:SequenceVariant	CA410202624	1
biolink:SequenceVariant	CA410202636	1
biolink:SequenceVariant	CA410202720	1
biolink:SequenceVariant	CA410203348	1
biolink:SequenceVariant	CA410203432	1
biolink:SequenceVariant	CA410203630	1
biolink:SequenceVariant	CA410207975	1
biolink:SequenceVariant	CA410207977	1
biolink:SequenceVariant	CA410207999	1
biolink:SequenceVariant	CA410780392	1
biolink:SequenceVariant	CA413496512	1
biolink:SequenceVariant	CA414444915	1
biolink:SequenceVariant	CA414444922	1
biolink:SequenceVariant	CA414445371	1
biolink:SequenceVariant	CA414446711	1
biolink:SequenceVariant	CA414447210	1
biolink:SequenceVariant	CA414447212	1
biolink:SequenceVariant	CA414447216	1
biolink:SequenceVariant	CA414447224	1
biolink:SequenceVariant	CA414447351	1
biolink:SequenceVariant	CA414447354	1
biolink:SequenceVariant	CA414447533	1
biolink:SequenceVariant	CA414773311	1
biolink:SequenceVariant	CA414892027	1
biolink:SequenceVariant	CA414896830	1
biolink:SequenceVariant	CA414905047	1
biolink:SequenceVariant	CA414914388	1
biolink:SequenceVariant	CA414914390	1
biolink:SequenceVariant	CA414915806	1
biolink:SequenceVariant	CA414915809	1
biolink:SequenceVariant	CA414916092	1
biolink:SequenceVariant	CA414916097	1
biolink:SequenceVariant	CA414917900	1
biolink:SequenceVariant	CA415075833	1
biolink:SequenceVariant	CA415077156	1
biolink:SequenceVariant	CA415077486	1
biolink:SequenceVariant	CA415077715	1
biolink:SequenceVariant	CA415078334	1
biolink:SequenceVariant	CA415078666	1
biolink:SequenceVariant	CA415078874	1
biolink:SequenceVariant	CA415079038	1
biolink:SequenceVariant	CA415079466	1
biolink:SequenceVariant	CA415079810	1
biolink:SequenceVariant	CA415080522	1
biolink:SequenceVariant	CA415083128	1
biolink:SequenceVariant	CA415083182	1
biolink:SequenceVariant	CA415084325	1
biolink:SequenceVariant	CA415084391	1
biolink:SequenceVariant	CA415084403	1
biolink:SequenceVariant	CA415084839	1
biolink:SequenceVariant	CA415086032	1
biolink:SequenceVariant	CA415086302	1
biolink:SequenceVariant	CA415086358	1
biolink:SequenceVariant	CA415086460	1
biolink:SequenceVariant	CA415086484	1
biolink:SequenceVariant	CA415086677	1
biolink:SequenceVariant	CA415086699	1
biolink:SequenceVariant	CA415087081	1
biolink:SequenceVariant	CA415087450	1
biolink:SequenceVariant	CA415087684	1
biolink:SequenceVariant	CA415087966	1
biolink:SequenceVariant	CA415088272	1
biolink:SequenceVariant	CA415088445	1
biolink:SequenceVariant	CA415090808	1
biolink:SequenceVariant	CA415090844	1
biolink:SequenceVariant	CA415090852	1
biolink:SequenceVariant	CA415090882	1
biolink:SequenceVariant	CA421783387	1
biolink:SequenceVariant	CA421938581	1
biolink:SequenceVariant	CA421938611	1
biolink:SequenceVariant	CA421938891	1
biolink:SequenceVariant	CA421938925	1
biolink:SequenceVariant	CA421939061	1
biolink:SequenceVariant	CA421939121	1
biolink:SequenceVariant	CA421939232	1
biolink:SequenceVariant	CA421939411	1
biolink:SequenceVariant	CA421939469	1
biolink:SequenceVariant	CA421939550	1
biolink:SequenceVariant	CA421939567	1
biolink:SequenceVariant	CA421942771	1
biolink:SequenceVariant	CA4239418	1
biolink:SequenceVariant	CA4239423	1
biolink:SequenceVariant	CA4239602	1
biolink:SequenceVariant	CA4239711	1
biolink:SequenceVariant	CA481331323	1
biolink:SequenceVariant	CA481332664	1
biolink:SequenceVariant	CA481333203	1
biolink:SequenceVariant	CA500261104	1
biolink:SequenceVariant	CA500262444	1
biolink:SequenceVariant	CA500273575	1
biolink:SequenceVariant	CA500436058	1
biolink:SequenceVariant	CA500624244	1
biolink:SequenceVariant	CA500651220	1
biolink:SequenceVariant	CA504731701	1
biolink:SequenceVariant	CA519344969	1
biolink:SequenceVariant	CA527600366	1
biolink:SequenceVariant	CA605238909	1
biolink:SequenceVariant	CA624861219	1
biolink:SequenceVariant	CA626121071	1
biolink:SequenceVariant	CA626224378	1
biolink:SequenceVariant	CA626224450	1
biolink:SequenceVariant	CA626379036	1
biolink:SequenceVariant	CA626684825	1
biolink:SequenceVariant	CA626684826	1
biolink:SequenceVariant	CA626684863	1
biolink:SequenceVariant	CA645287847	1
biolink:SequenceVariant	CA645287926	1
biolink:SequenceVariant	CA645372267	1
biolink:SequenceVariant	CA645535219	1
biolink:SequenceVariant	CA645584081	1
biolink:SequenceVariant	CA645614124	1
biolink:SequenceVariant	CA658760617	1
biolink:SequenceVariant	CA658795235	1
biolink:SequenceVariant	CA658795239	1
biolink:SequenceVariant	CA658795253	1
biolink:SequenceVariant	CA658795262	1
biolink:SequenceVariant	CA658795264	1
biolink:SequenceVariant	CA658795267	1
biolink:SequenceVariant	CA658795287	1
biolink:SequenceVariant	CA658795288	1
biolink:SequenceVariant	CA658820875	1
biolink:SequenceVariant	CA658820951	1
biolink:SequenceVariant	CA6748704	1
biolink:SequenceVariant	CA6748732	1
biolink:SequenceVariant	CA6748738	1
biolink:SequenceVariant	CA6748745	1
biolink:SequenceVariant	CA6748773	1
biolink:SequenceVariant	CA6748883	1
biolink:SequenceVariant	CA6748922	1
biolink:SequenceVariant	CA6831684	1
biolink:SequenceVariant	CA6831699	1
biolink:SequenceVariant	CA6831794	1
biolink:SequenceVariant	CA6831851	1
biolink:SequenceVariant	CA6831859	1
biolink:SequenceVariant	CA6832194	1
biolink:SequenceVariant	CA772541579	1
biolink:SequenceVariant	CA8337657	1
biolink:SequenceVariant	CA8338094	1
biolink:SequenceVariant	CA8365937	1
biolink:SequenceVariant	CA8602528	1
biolink:SequenceVariant	CA8602626	1
biolink:SequenceVariant	CA8602667	1
biolink:SequenceVariant	CA8602740	1
biolink:SequenceVariant	CA8602771	1
biolink:SequenceVariant	CA8602986	1
biolink:SequenceVariant	CA8603038	1
biolink:SequenceVariant	CA8603039	1
biolink:SequenceVariant	CA8603099	1
biolink:SequenceVariant	CA8603165	1
biolink:SequenceVariant	CA8603212	1
biolink:SequenceVariant	CA8603454	1
biolink:SequenceVariant	CA8603457	1
biolink:SequenceVariant	CA8603502	1
biolink:SequenceVariant	CA8603504	1
biolink:SequenceVariant	CA8603562	1
biolink:SequenceVariant	CA8622852	1
biolink:SequenceVariant	CA8622859	1
biolink:SequenceVariant	CA8622899	1
biolink:SequenceVariant	CA8622972	1
biolink:SequenceVariant	CA8622981	1
biolink:SequenceVariant	CA8622982	1
biolink:SequenceVariant	CA8622991	1
biolink:SequenceVariant	CA8623068	1
biolink:SequenceVariant	CA8623155	1
biolink:SequenceVariant	CA8623258	1
biolink:SequenceVariant	CA8623358	1
biolink:SequenceVariant	CA8623361	1
biolink:SequenceVariant	CA8623377	1
biolink:SequenceVariant	CA8815306	1
biolink:SequenceVariant	CA891834518	1
biolink:SequenceVariant	CA891862608	1
biolink:SequenceVariant	CA891862619	1
biolink:SequenceVariant	CA891862634	1
biolink:SequenceVariant	CA902401	1
biolink:SequenceVariant	CA913012619	1
biolink:SequenceVariant	CA913179026	1
biolink:SequenceVariant	CA913184731	1
biolink:SequenceVariant	CA913184733	1
biolink:SequenceVariant	CA913184734	1
biolink:SequenceVariant	CA913184761	1
biolink:SequenceVariant	CA913184909	1
biolink:SequenceVariant	CA913184940	1
biolink:SequenceVariant	CA913184971	1
biolink:SequenceVariant	CA913184978	1
biolink:SequenceVariant	CA913187307	1
biolink:SequenceVariant	CA913187393	1
biolink:SequenceVariant	CA913189044	1
biolink:SequenceVariant	CA913189165	1
biolink:SequenceVariant	CA913189170	1
biolink:SequenceVariant	CA913189226	1
biolink:SequenceVariant	CA913203553	1
biolink:SequenceVariant	CA913203569	1
biolink:SequenceVariant	CA915940209	1
biolink:SequenceVariant	CA915940214	1
biolink:SequenceVariant	CA915940222	1
biolink:SequenceVariant	CA915940223	1
biolink:SequenceVariant	CA915940225	1
biolink:SequenceVariant	CA915940237	1
biolink:SequenceVariant	CA915940253	1
biolink:SequenceVariant	CA915940255	1
biolink:SequenceVariant	CA915940256	1
biolink:SequenceVariant	CA915940263	1
biolink:SequenceVariant	CA915940264	1
biolink:SequenceVariant	CA915940265	1
biolink:SequenceVariant	CA915940266	1
biolink:SequenceVariant	CA915940267	1
biolink:SequenceVariant	CA915940289	1
biolink:SequenceVariant	CA915940290	1
biolink:SequenceVariant	CA915940291	1
biolink:SequenceVariant	CA915940296	1
biolink:SequenceVariant	CA915940299	1
biolink:SequenceVariant	CA915940309	1
biolink:SequenceVariant	CA915940315	1
biolink:SequenceVariant	CA915940323	1
biolink:SequenceVariant	CA915940324	1
biolink:SequenceVariant	CA915940325	1
biolink:SequenceVariant	CA915940332	1
biolink:SequenceVariant	CA915940334	1
biolink:SequenceVariant	CA915940374	1
biolink:SequenceVariant	CA915940375	1
biolink:SequenceVariant	CA915940376	1
biolink:SequenceVariant	CA915940438	1
biolink:SequenceVariant	CA915940463	1
biolink:SequenceVariant	CA915940477	1
biolink:SequenceVariant	CA915940480	1
biolink:SequenceVariant	CA915940544	1
biolink:SequenceVariant	CA915940582	1
biolink:SequenceVariant	CA915940593	1
biolink:SequenceVariant	CA915940605	1
biolink:SequenceVariant	CA915940646	1
biolink:SequenceVariant	CA915940648	1
biolink:SequenceVariant	CA915940685	1
biolink:SequenceVariant	CA915940686	1
biolink:SequenceVariant	CA915940687	1
biolink:SequenceVariant	CA915940689	1
biolink:SequenceVariant	CA915940690	1
biolink:SequenceVariant	CA915940701	1
biolink:SequenceVariant	CA915940720	1
biolink:SequenceVariant	CA915940722	1
biolink:SequenceVariant	CA915940723	1
biolink:SequenceVariant	CA915940724	1
biolink:SequenceVariant	CA915940726	1
biolink:SequenceVariant	CA915940727	1
biolink:SequenceVariant	CA915940728	1
biolink:SequenceVariant	CA915940766	1
biolink:SequenceVariant	CA915940767	1
biolink:SequenceVariant	CA915940777	1
biolink:SequenceVariant	CA915940780	1
biolink:SequenceVariant	CA915940787	1
biolink:SequenceVariant	CA915940788	1
biolink:SequenceVariant	CA915940789	1
biolink:SequenceVariant	CA915940790	1
biolink:SequenceVariant	CA915940796	1
biolink:SequenceVariant	CA915940801	1
biolink:SequenceVariant	CA915940805	1
biolink:SequenceVariant	CA915940806	1
biolink:SequenceVariant	CA915940807	1
biolink:SequenceVariant	CA915940808	1
biolink:SequenceVariant	CA915940809	1
biolink:SequenceVariant	CA915940948	1
biolink:SequenceVariant	CA915940949	1
biolink:SequenceVariant	CA915940958	1
biolink:SequenceVariant	CA915941064	1
biolink:SequenceVariant	CA915941070	1
biolink:SequenceVariant	CA916079828	1
biolink:SequenceVariant	CA916084342	1
biolink:SequenceVariant	CA916084356	1
biolink:SequenceVariant	CA916084365	1
biolink:SequenceVariant	CA916084367	1
biolink:SequenceVariant	CA916084428	1
biolink:SequenceVariant	CA916084429	1
biolink:SequenceVariant	CA916084430	1
biolink:SequenceVariant	CA923726221	1
biolink:SequenceVariant	CA923726222	1
biolink:SequenceVariant	CA9870171	1
biolink:SequenceVariant	CA9870374	1
biolink:SequenceVariant	CA9870415	1
biolink:SequenceVariant	CA9870528	1
biolink:SequenceVariant	CLINVAR	6126
